{
    "kind": "global",
    "symbols": {
        "color": {
            "_type": {
                "type": 5
            },
            "name": "color",
            "pos": {
                "line": 0,
                "column": 0
            }
        },
        "Prototype": {
            "_type": {
                "type": 8,
                "name": "TThing",
                "_prototypeScope": {
                    "kind": "prototype",
                    "symbols": {},
                    "parent": {
                        "kind": "global",
                        "symbols": {
                            "color": "~symbols~color",
                            "Prototype": "~symbols~Prototype",
                            "ObjectFromPrototype": {
                                "_type": {
                                    "type": 8,
                                    "name": "Prototype",
                                    "_prototypeScope": {
                                        "kind": "prototype",
                                        "symbols": {},
                                        "parent": {
                                            "kind": "prototype",
                                            "symbols": {},
                                            "parent": {
                                                "kind": "global",
                                                "symbols": {
                                                    "color": "~symbols~color",
                                                    "Prototype": "~symbols~Prototype",
                                                    "ObjectFromPrototype": "~symbols~Prototype~_type~_prototypeScope~parent~symbols~ObjectFromPrototype"
                                                }
                                            }
                                        }
                                    }
                                },
                                "name": "ObjectFromPrototype",
                                "pos": {
                                    "line": 6,
                                    "column": 1
                                }
                            }
                        }
                    }
                }
            },
            "name": "Prototype",
            "pos": {
                "line": 1,
                "column": 1
            }
        },
        "ObjectFromPrototype": "~symbols~Prototype~_type~_prototypeScope~parent~symbols~ObjectFromPrototype"
    }
}